{"cameraMode":{"drawMode":0,"name":"Shaded","section":"Shading Mode"},"sceneLighting":true,"audioPlay":false,"sceneViewState":{"m_AlwaysRefresh":false,"showFog":true,"showSkybox":true,"showFlares":true,"showImageEffects":true,"showParticleSystems":true,"showVisualEffectGraphs":true,"m_FxEnabled":true},"in2DMode":false,"pivot":{"x":10.43189525604248,"y":5.964849472045898,"z":-25.857271194458009},"rotation":{"x":0.21467794477939607,"y":0.4082302749156952,"z":-0.09938337653875351,"w":0.8817718625068665},"size":0.6339746713638306,"orthographic":false}