{"cameraMode":{"drawMode":0,"name":"Shaded","section":"Shading Mode"},"sceneLighting":true,"audioPlay":false,"sceneViewState":{"m_AlwaysRefresh":false,"showFog":true,"showSkybox":true,"showFlares":true,"showImageEffects":true,"showParticleSystems":true,"showVisualEffectGraphs":true,"m_FxEnabled":true},"in2DMode":false,"pivot":{"x":25.52637481689453,"y":3.3787078857421877,"z":-3.830681562423706},"rotation":{"x":0.1900387704372406,"y":0.15980949997901917,"z":-0.031379904597997668,"w":0.9682281017303467},"size":7.791779041290283,"orthographic":false}