{"cameraMode":{"drawMode":0,"name":"Shaded","section":"Shading Mode"},"sceneLighting":true,"audioPlay":false,"sceneViewState":{"m_AlwaysRefresh":false,"showFog":true,"showSkybox":true,"showFlares":true,"showImageEffects":true,"showParticleSystems":true,"showVisualEffectGraphs":true,"m_FxEnabled":true},"in2DMode":false,"pivot":{"x":23.44358253479004,"y":0.49216628074645998,"z":8.383968353271485},"rotation":{"x":0.12587198615074159,"y":0.0417347326874733,"z":-0.00530906580388546,"w":0.9912052154541016},"size":7.827958583831787,"orthographic":false}