{"cameraMode":{"drawMode":0,"name":"Shaded","section":"Shading Mode"},"sceneLighting":true,"audioPlay":false,"sceneViewState":{"m_AlwaysRefresh":false,"showFog":true,"showSkybox":true,"showFlares":true,"showImageEffects":true,"showParticleSystems":true,"showVisualEffectGraphs":true,"m_FxEnabled":true},"in2DMode":false,"pivot":{"x":468.80267333984377,"y":-140.12100219726563,"z":379.42620849609377},"rotation":{"x":0.04876066371798515,"y":0.9470735192298889,"z":-0.26549553871154787,"w":0.17402297258377076},"size":472.1722717285156,"orthographic":false}