{"cameraMode":{"drawMode":0,"name":"Shaded","section":"Shading Mode"},"sceneLighting":true,"audioPlay":false,"sceneViewState":{"m_AlwaysRefresh":false,"showFog":true,"showSkybox":true,"showFlares":true,"showImageEffects":true,"showParticleSystems":true,"showVisualEffectGraphs":true,"m_FxEnabled":true},"in2DMode":false,"pivot":{"x":38.982540130615237,"y":7.860744953155518,"z":-60.17061233520508},"rotation":{"x":0.03594375401735306,"y":-0.8975018262863159,"z":0.07450072467327118,"w":0.43326669931411745},"size":0.9635002017021179,"orthographic":false}