{"cameraMode":{"drawMode":0,"name":"Shaded","section":"Shading Mode"},"sceneLighting":true,"audioPlay":false,"sceneViewState":{"m_AlwaysRefresh":false,"showFog":true,"showSkybox":true,"showFlares":true,"showImageEffects":true,"showParticleSystems":true,"showVisualEffectGraphs":true,"m_FxEnabled":true},"in2DMode":false,"pivot":{"x":25.844453811645509,"y":2.47922945022583,"z":-43.51844024658203},"rotation":{"x":-0.13517636060714723,"y":-0.19615530967712403,"z":0.027219820767641069,"w":-0.9709599614143372},"size":3.3073947429656984,"orthographic":false}