{"cameraMode":{"drawMode":0,"name":"Shaded","section":"Shading Mode"},"sceneLighting":true,"audioPlay":false,"sceneViewState":{"m_AlwaysRefresh":false,"showFog":true,"showSkybox":true,"showFlares":true,"showImageEffects":true,"showParticleSystems":true,"showVisualEffectGraphs":true,"m_FxEnabled":true},"in2DMode":false,"pivot":{"x":14.2311429977417,"y":7.582552433013916,"z":-30.001867294311525},"rotation":{"x":-0.0032994842622429134,"y":0.996644914150238,"z":0.03704124689102173,"w":0.07528123259544373},"size":3.4276280403137209,"orthographic":false}