{"cameraMode":{"drawMode":0,"name":"Shaded","section":"Shading Mode"},"sceneLighting":false,"audioPlay":false,"sceneViewState":{"m_AlwaysRefresh":false,"showFog":true,"showSkybox":false,"showFlares":true,"showImageEffects":true,"showParticleSystems":true,"showVisualEffectGraphs":true,"m_FxEnabled":true},"in2DMode":false,"pivot":{"x":-0.2679765224456787,"y":0.14689183235168458,"z":-0.05792246758937836},"rotation":{"x":0.10159312188625336,"y":-0.7143952250480652,"z":0.10595639050006867,"w":0.6842781901359558},"size":2.0660252571105959,"orthographic":false}