{"cameraMode":{"drawMode":0,"name":"Shaded","section":"Shading Mode"},"sceneLighting":false,"audioPlay":false,"sceneViewState":{"m_AlwaysRefresh":false,"showFog":true,"showSkybox":false,"showFlares":true,"showImageEffects":true,"showParticleSystems":true,"showVisualEffectGraphs":true,"m_FxEnabled":true},"in2DMode":false,"pivot":{"x":336.12200927734377,"y":0.5765275955200195,"z":-7.193026065826416},"rotation":{"x":0.02676297537982464,"y":-0.9720901846885681,"z":0.13829168677330018,"w":0.18817093968391419},"size":7.0558881759643559,"orthographic":false}