{"cameraMode":{"drawMode":0,"name":"Shaded","section":"Shading Mode"},"sceneLighting":false,"audioPlay":false,"sceneViewState":{"m_AlwaysRefresh":false,"showFog":true,"showSkybox":false,"showFlares":true,"showImageEffects":true,"showParticleSystems":true,"showVisualEffectGraphs":true,"m_FxEnabled":true},"in2DMode":false,"pivot":{"x":0.4808403253555298,"y":1.6912468671798707,"z":-0.2848672866821289},"rotation":{"x":0.00007669302431168035,"y":-0.994516134262085,"z":0.0003069424128625542,"w":0.10584740340709686},"size":4.500017166137695,"orthographic":false}