{"cameraMode":{"drawMode":0,"name":"Shaded","section":"Shading Mode"},"sceneLighting":false,"audioPlay":false,"sceneViewState":{"m_AlwaysRefresh":false,"showFog":true,"showSkybox":false,"showFlares":true,"showImageEffects":true,"showParticleSystems":true,"showVisualEffectGraphs":true,"m_FxEnabled":true},"in2DMode":false,"pivot":{"x":-7.0735015869140629,"y":-12.294986724853516,"z":14.249632835388184},"rotation":{"x":0.12395956367254257,"y":-0.8679879307746887,"z":0.2702164053916931,"w":0.3981032371520996},"size":13.286011695861817,"orthographic":false}