{"cameraMode":{"drawMode":0,"name":"Shaded","section":"Shading Mode"},"sceneLighting":false,"audioPlay":false,"sceneViewState":{"m_AlwaysRefresh":false,"showFog":true,"showSkybox":false,"showFlares":true,"showImageEffects":true,"showParticleSystems":true,"showVisualEffectGraphs":true,"m_FxEnabled":true},"in2DMode":false,"pivot":{"x":-9.524999618530274,"y":-0.02200007438659668,"z":3.6740000247955324},"rotation":{"x":0.07886285334825516,"y":-0.8493229150772095,"z":0.13252630829811097,"w":0.5051069259643555},"size":6.719015598297119,"orthographic":false}