{"cameraMode":{"drawMode":0,"name":"Shaded","section":"Shading Mode"},"sceneLighting":false,"audioPlay":false,"sceneViewState":{"m_AlwaysRefresh":false,"showFog":true,"showSkybox":false,"showFlares":true,"showImageEffects":true,"showParticleSystems":true,"showVisualEffectGraphs":true,"m_FxEnabled":true},"in2DMode":false,"pivot":{"x":-19.883953094482423,"y":2.3065085411071779,"z":6.48405647277832},"rotation":{"x":0.012714524753391743,"y":-0.38507336378097536,"z":0.005403309129178524,"w":0.9229378700256348},"size":1.299038052558899,"orthographic":false}