{"cameraMode":{"drawMode":0,"name":"Shaded","section":"Shading Mode"},"sceneLighting":false,"audioPlay":false,"sceneViewState":{"m_AlwaysRefresh":false,"showFog":true,"showSkybox":false,"showFlares":true,"showImageEffects":true,"showParticleSystems":true,"showVisualEffectGraphs":true,"m_FxEnabled":true},"in2DMode":false,"pivot":{"x":12.579607963562012,"y":0.2071831226348877,"z":2.2740917205810549},"rotation":{"x":-0.07662075012922287,"y":-0.05504189059138298,"z":0.0042307269759476189,"w":-0.9955647587776184},"size":6.576777458190918,"orthographic":false}