{"cameraMode":{"drawMode":0,"name":"Shaded","section":"Shading Mode"},"sceneLighting":false,"audioPlay":false,"sceneViewState":{"m_AlwaysRefresh":false,"showFog":true,"showSkybox":false,"showFlares":true,"showImageEffects":true,"showParticleSystems":true,"showVisualEffectGraphs":true,"m_FxEnabled":true},"in2DMode":false,"pivot":{"x":4.1254963874816898,"y":-0.7048155069351196,"z":-2.2633438110351564},"rotation":{"x":0.03393781557679176,"y":-0.9629731178283691,"z":0.22528421878814698,"w":0.14508037269115449},"size":6.2813568115234379,"orthographic":false}